file,lines,reviewer,review,dynamic,sha256
backend/__init__.py,1,主代理,完整逐行靜態閱讀,僅特定路徑，見報告與重現檔,01ba4719c80b6fe911b091a7c05124b64eeece964e09c058ef8f9805daca546b
backend/app.py,744,權限/API,完整逐行靜態閱讀,僅特定路徑，見報告與重現檔,c90b32918d0eb2bd28481338670b659dc173e018e58b6d3ede4690a75e467b8f
backend/approval_capabilities.py,88,權限/API,完整逐行靜態閱讀,僅特定路徑，見報告與重現檔,e376a989245e02297ba33cbd4f7dd17879d762db195b2049db545de57a558553
backend/approval_scope.py,60,權限/API,完整逐行靜態閱讀,僅特定路徑，見報告與重現檔,5051c75012b3f3741deda0bf9ddbbe55683e42e03ce86cdd277d8f0c2b7f5b49
backend/attendance_identity.py,70,主代理,完整逐行靜態閱讀,僅特定路徑，見報告與重現檔,3fa52dc1563420a5878ec8cb5f66b6ad287bbc23de5f0fb6213bb94d77c555ae
backend/attendance_schedule.py,89,主代理,完整逐行靜態閱讀,僅特定路徑，見報告與重現檔,6a4d151a7d884d56e5944fc2af73a4d7dcc7f75fad488b0ab7a72b20731cec79
backend/attendance_service.py,193,主代理,完整逐行靜態閱讀,僅特定路徑，見報告與重現檔,c6e6daf672f192aea931819cfe9f2952cebb4df03774af9b435e8d6d54efb679
backend/audit.py,60,權限/API,完整逐行靜態閱讀,僅特定路徑，見報告與重現檔,9d26f92b68cf7127b16b308350f43df8b278976e485b296e99cfb092bc2befef
backend/business_policy.py,39,權限/API,完整逐行靜態閱讀,僅特定路徑，見報告與重現檔,ffaf1e8bb78b311893461a0770c6e938aa8e9022bfabf32ba40b2f312d0d3466
backend/capability_write_policy.py,20,權限/API,完整逐行靜態閱讀,僅特定路徑，見報告與重現檔,fe93bd7319d03dc60adb0cc802c26d1b52205ba9c3d5657fcf9f6bd1de2ef1d7
backend/case_cutover.py,130,主代理,完整逐行靜態閱讀,僅特定路徑，見報告與重現檔,b31e36476317a25a7f41ae15bdca072865563ebecc9681ed11b76519bb6a2001
backend/company_dashboard.py,95,主代理,完整逐行靜態閱讀,僅特定路徑，見報告與重現檔,39e14253f131300f0f3fd3835e40d270a3cf31fa9a8050ef5f69f83fc90028c5
backend/features.py,8,主代理,完整逐行靜態閱讀,僅特定路徑，見報告與重現檔,1d77cc565b70b6acf52ea25bab6eec3dc995dad1b44d3acebbb163ea353907e5
backend/file_categories.py,38,主代理,完整逐行靜態閱讀,僅特定路徑，見報告與重現檔,3b38bede51d133b2a5b6c3eaf0df278595732d54b6f28861230ad0a29eacbd75
backend/finance_readiness.py,82,主代理,完整逐行靜態閱讀,僅特定路徑，見報告與重現檔,eb9b8c69c405389a2a25f65bd220800c238158f09fadc9b8fcb4d0845d1fcd29
backend/input_registration.py,182,背景/運維,完整逐行靜態閱讀,僅特定路徑，見報告與重現檔,73464257aa6fdf7abcb412c391291c965bca0034b97b737b818da84870ad065c
backend/input_validation.py,134,背景/運維,完整逐行靜態閱讀,僅特定路徑，見報告與重現檔,e69e7abb1bf6219aee40ff5af52d7b2cbdd2eee82263492caa514f82c7f3973f
backend/integration_routes.py,219,背景/運維,完整逐行靜態閱讀,僅特定路徑，見報告與重現檔,2d753203a77be47a3fe2d027200b4f05be4783ed284940481b46d6cedb25898d
backend/jobs.py,404,背景/運維,完整逐行靜態閱讀,僅特定路徑，見報告與重現檔,ef6362bcd577395ff10e02ed751a6d9d73449191bf0e9f14906b0c701fde90df
backend/lark_adapter.py,242,背景/運維,完整逐行靜態閱讀,僅特定路徑，見報告與重現檔,f7ef1b18f3f240817cb6d44885ded10434f58b110341ecd669c0e6404febad88
backend/learning.py,114,主代理,完整逐行靜態閱讀,僅特定路徑，見報告與重現檔,74d3b2ed66e19698d4485bf22b42a5f4e9d321cd961ed3aaccb66f7419f05fb0
backend/learning_sources.py,134,主代理,完整逐行靜態閱讀,僅特定路徑，見報告與重現檔,b9078fd92da7a8e6ff7bcf45d57a1285cbfbd838b90d49e7e40c6cc5bca29d10
backend/management.py,46,權限/API,完整逐行靜態閱讀,僅特定路徑，見報告與重現檔,36e47d9ec8abf7d120955c9654719057a6780482d0e760497def254c0aec6ff8
backend/mention_notifications.py,96,背景/運維,完整逐行靜態閱讀,僅特定路徑，見報告與重現檔,db06db3e1d5ce675f33cd1de01de8e3b7c7d3d00776d48dbbc23b39507fbe164
backend/native_approval.py,400,背景/運維,完整逐行靜態閱讀,僅特定路徑，見報告與重現檔,cc0dbf58439adf95e5db0a6faca184e3e93fd08a69260bf546c6ca853ab8e881
backend/native_poller.py,180,背景/運維,完整逐行靜態閱讀,僅特定路徑，見報告與重現檔,8238f53ef83a710f960d7a66b94b04d00da4ed33809021baa6d3270b0b7707e0
backend/native_qa.py,296,主代理,完整逐行靜態閱讀,僅特定路徑，見報告與重現檔,e2c6a4e8ecd87cb42cdb20af6422022807b67869549e01033e71cbfda314c2da
backend/native_requests.py,160,背景/運維,完整逐行靜態閱讀,僅特定路徑，見報告與重現檔,b58a2524952596546f692325dc2057529cfbcadd52b88be71766a001837a4cc8
backend/native_routes.py,369,背景/運維,完整逐行靜態閱讀,僅特定路徑，見報告與重現檔,893797960c04b7f46f8cef50ecac3438284b93a447697d661c069085545a0e48
backend/node_skip.py,202,主代理,完整逐行靜態閱讀,僅特定路徑，見報告與重現檔,b6ea975dd5dd87ebbcac89847b15ed400e62a3dbf86f526be01e229345bd21ba
backend/operations.py,898,主代理,完整逐行靜態閱讀,僅特定路徑，見報告與重現檔,0899045dd02b206ed5fb10b748de3a3db2d4225be53efadeb107bcd9ff868346
backend/people_directory.py,263,權限/API,完整逐行靜態閱讀,僅特定路徑，見報告與重現檔,58234c60fde8c9f9a6bceb7e8cffd95ec1cdd83f4dba0e45f50537858ebf696d
backend/policy.py,102,權限/API,完整逐行靜態閱讀,僅特定路徑，見報告與重現檔,e67830fa8629785f7524f4c0e02d039d3da7660722d48bdf3707eacee51e5a43
backend/production_access.py,142,權限/API,完整逐行靜態閱讀,僅特定路徑，見報告與重現檔,3dc736a8be097c86a978e65db882bf318c2892437d4773c0c5d702cc26d40dbe
backend/remote_policy.py,57,權限/API,完整逐行靜態閱讀,僅特定路徑，見報告與重現檔,32750dbcd7910e5788bb650e60d057908f6133704a8feba267ef93e56c84e46d
backend/request_limits.py,41,權限/API,完整逐行靜態閱讀,僅特定路徑，見報告與重現檔,b2cb396b97f7188acfc9b6aded95fd24eafa50a3b8961fae749e6d8b4ac24604
backend/runtime_health.py,141,主代理,完整逐行靜態閱讀,僅特定路徑，見報告與重現檔,f766d888d6de24d4ae5c241c777c869b242a2d4cd966ca93ef2a2e2627b25502
backend/seed.py,35,主代理,完整逐行靜態閱讀,僅特定路徑，見報告與重現檔,3808ec29a59b75fb03c823d577ded6a5cfaa20c8b199a6f7b1783c8201cd61fe
backend/sop_applicability.py,116,主代理,完整逐行靜態閱讀,僅特定路徑，見報告與重現檔,e7c920b0e26c00e4ddc4785faf2e37af2cf257472df41b8fb5cfec18e9c0a902
backend/sop_contracts.py,236,主代理,完整逐行靜態閱讀,僅特定路徑，見報告與重現檔,e18783eb6a89a0794af3ba0f2ffa28e0b555e739f303a7280f67a20a4b322631
backend/sop_deadlines.py,189,主代理,完整逐行靜態閱讀,僅特定路徑，見報告與重現檔,2c75dfc62db3d92e3c18d4a85b6e047262ca06561c2448368ad5266cc1d23368
backend/sop_runtime.py,96,主代理,完整逐行靜態閱讀,僅特定路徑，見報告與重現檔,e0896dffdfc665adfc2332752c3ec80f71f901b1226e72fccca044f6ea3f6879
backend/sop_topology.py,235,主代理,完整逐行靜態閱讀,僅特定路徑，見報告與重現檔,9e5041c5ab76468d53ad02e13cb39689563d11ffa00cc758258b6c9f18ad2789
backend/source_case_policy.py,271,主代理,完整逐行靜態閱讀,僅特定路徑，見報告與重現檔,1c84ca66600cad431656402ebdaa7f728ca6cf8ecebcfb5749f039b137b9aa5e
backend/source_entities.py,99,主代理,完整逐行靜態閱讀,僅特定路徑，見報告與重現檔,5628e2780a5f2119a5d8e3311a9cc07a4f17beff23678ac06e1a92fbdde504dc
backend/source_projection.py,124,主代理,完整逐行靜態閱讀,僅特定路徑，見報告與重現檔,4d7a7bd0e84c1c827ff42b843ab5def0e5dd742339f5292edbb5d64b73a0e33e
backend/source_sync.py,166,背景/運維,完整逐行靜態閱讀,僅特定路徑，見報告與重現檔,152bdc66f827ba1a2a2ba26cc364495c7e572b303e7cd8630e58bd28251ef237
backend/sources.py,186,主代理,完整逐行靜態閱讀,僅特定路徑，見報告與重現檔,e89a6e37c992414f88c12bcdd8c4b467f00b10f7c258a55ec29c889a1c8776bf
backend/storage.py,126,背景/運維,完整逐行靜態閱讀,僅特定路徑，見報告與重現檔,0a2269af1e864de8595d9d04960866951326e3c0ec3bd88128b1a8bef070e0ef
backend/upload_policy.py,18,權限/API,完整逐行靜態閱讀,僅特定路徑，見報告與重現檔,fb1e25343e57bf20ad1012de0b1e86ea76894f4eff52f0885163eab3341eace5
backend/v4_sources.py,496,主代理,完整逐行靜態閱讀,僅特定路徑，見報告與重現檔,81b71bb577dca04e9c2c6f032e53053a7ac8a3aa0ce7952f178dbe22c374bfec
backend/workflow.py,281,主代理,完整逐行靜態閱讀,僅特定路徑，見報告與重現檔,f523dd7a55e18d414dfc6d03f04642e77bb2e6d8ef2171012e9c7c88cfa05b94
backend/workflow_rules.py,138,主代理,完整逐行靜態閱讀,僅特定路徑，見報告與重現檔,c851f48b60e9af474663dc37fb481fddc96946944fea0e12f362262908fb8fc4
backend/workspace_environment.py,21,權限/API,完整逐行靜態閱讀,僅特定路徑，見報告與重現檔,6fff252bc571c9771fdc60b82dcf672656aa7fbe25566d1c3356c8a11483cc0d
backend/workspace_projection.py,137,權限/API,完整逐行靜態閱讀,僅特定路徑，見報告與重現檔,0d47695474546c95044b4a5c60d5a84d5b906c1496501a927a8a95b2f4d07a69
frontend/src/api.ts,17,前端,完整逐行靜態閱讀,僅特定路徑，見報告與重現檔,bf5aaf6ade84e369076e3ed6e515f8c6c155507cf72e0deb5eaf22e6270484cb
frontend/src/App.tsx,330,前端,完整逐行靜態閱讀,僅特定路徑，見報告與重現檔,a9b6f12246dedb41460569f3348727460f9ed5593084e7fbb137bed3217018d2
frontend/src/AppErrorBoundary.tsx,8,前端,完整逐行靜態閱讀,僅特定路徑，見報告與重現檔,572dce8ffbcf8eba344dd4ce343c8a39e9f6415a53361cfb68dbcf7524e448c3
frontend/src/AttendanceWorkSchedules.tsx,16,前端,完整逐行靜態閱讀,僅特定路徑，見報告與重現檔,81bee6a565fa0fea1345c4a7d6bdf808f30bb75edcb571e9f5800fc91f3fcb07
frontend/src/AuditTrail.tsx,10,前端,完整逐行靜態閱讀,僅特定路徑，見報告與重現檔,c064f2cdf5818f6dd5d27ca6b0604da8da418502e73258f0f4b32216c2694e61
frontend/src/ChangeConfirmationLines.tsx,18,前端,完整逐行靜態閱讀,僅特定路徑，見報告與重現檔,e90e830a2d3eb69d660a978cdffbb517b2c2139941331b8b07b523757d53f89f
frontend/src/CompanyCockpit.tsx,41,前端,完整逐行靜態閱讀,僅特定路徑，見報告與重現檔,6b530d74c3cc05654e3dafa053b3e8fa2b87487e2ddf79f7c26bcd7519ec2dbd
frontend/src/CompletionCelebration.tsx,17,前端,完整逐行靜態閱讀,僅特定路徑，見報告與重現檔,63c5cc0deaf0ee70874c7f6c43d5e9914eba5e7b1c7bc83c4fd907981b34a1e3
frontend/src/DailyRecords.tsx,19,前端,完整逐行靜態閱讀,僅特定路徑，見報告與重現檔,a3d6791408a0c2b0547f8a2417f841eb61a5f9843b9e0e38686fbf589998e103
frontend/src/Deadlines.tsx,33,前端,完整逐行靜態閱讀,僅特定路徑，見報告與重現檔,7ca0092ec3b9d7d8792e7913a83501bac4278fac4382312d499b01b0129a5b23
frontend/src/drafts.ts,19,前端,完整逐行靜態閱讀,僅特定路徑，見報告與重現檔,636f9f923ed9d6e6947ab999e96266a29c03ad743dfe61a63db84f0db6ef5c43
frontend/src/DriveFileStorage.tsx,6,前端,完整逐行靜態閱讀,僅特定路徑，見報告與重現檔,41948f0e52abceadfc8998147f2bfafadb9e57fe09a770b423bdc8e0adb9016e
frontend/src/FileCategorySettings.tsx,8,前端,完整逐行靜態閱讀,僅特定路徑，見報告與重現檔,c474f5339d77739aee48763b282b65b80bb87a2cd7019d763f6d91eaefdbc447
frontend/src/FileWorkspace.tsx,31,前端,完整逐行靜態閱讀,僅特定路徑，見報告與重現檔,4fd6f0168f2ae7eebc579a5894f911af23286de45528a68bf449fb9b03e5e4c6
frontend/src/FormDraft.tsx,12,前端,完整逐行靜態閱讀,僅特定路徑，見報告與重現檔,9bcb6f88a10b586e1755e5aaa32e9c7768d3180196431b6ffbb60a0399420f1d
frontend/src/InputRegistration.tsx,17,前端,完整逐行靜態閱讀,僅特定路徑，見報告與重現檔,60389894caf0b8d6e045fb37c6dcdb738593ddc8422847687dc68e24e372ba9c
frontend/src/Learning.tsx,5,前端,完整逐行靜態閱讀,僅特定路徑，見報告與重現檔,473ba26e2ce2f004d66d19e121253723a9826d8fe13f36be64aca64d87028a62
frontend/src/main.tsx,9,前端,完整逐行靜態閱讀,僅特定路徑，見報告與重現檔,4d082b0c861ed11900fea4b532c8f1d09ac01a1efe274a34191a8b44740c928b
frontend/src/MentionComposer.tsx,43,前端,完整逐行靜態閱讀,僅特定路徑，見報告與重現檔,3a6c93bc8fe78e79dc43fe491ea01dde0cf34be2e35ded4f1d41ac8db7fef9c5
frontend/src/MentionInbox.tsx,18,前端,完整逐行靜態閱讀,僅特定路徑，見報告與重現檔,2eb937fb5a6702b629208b3932fe2ac4b39c796a27f8468c51bb36a6e030fcf0
frontend/src/NativeApprovalControls.tsx,79,前端,完整逐行靜態閱讀,僅特定路徑，見報告與重現檔,c609f81e543060f784bf722514a4ad9be92b2b770e252aa07f79feaa9f7b3cf9
frontend/src/NativeDefinitionPanel.tsx,17,前端,完整逐行靜態閱讀,僅特定路徑，見報告與重現檔,51c5552e8cacf36c1d1d7ac79da082c2d882e333bfac287da60e92383c1a57dd
frontend/src/Operations.tsx,149,前端,完整逐行靜態閱讀,僅特定路徑，見報告與重現檔,3a72ae411b03f42dd4fab540f7b695f038448bce4eba2e1716a8c27eba8feb00
frontend/src/PeopleDirectoryPanel.tsx,26,前端,完整逐行靜態閱讀,僅特定路徑，見報告與重現檔,fd442cb95efcf066a2e42e12c1a0a732fe364e8b6f3bcf3b816b89f5ab68ae3d
frontend/src/ProjectExecution.tsx,15,前端,完整逐行靜態閱讀,僅特定路徑，見報告與重現檔,70362516ccc20010fde353bf6a9fc88f98e575964efc072e609efdf8e12de930
frontend/src/ProjectReadiness.tsx,14,前端,完整逐行靜態閱讀,僅特定路徑，見報告與重現檔,bc1239ca2d9a1335a9dd52f11b469c0bc471465f9bccedc000940596a33dc88d
frontend/src/ProjectRoleAssignment.tsx,24,前端,完整逐行靜態閱讀,僅特定路徑，見報告與重現檔,7af322a7e2c219377f8e018e13172677de25c45adb8a7d722f3a4e3c645e4151
frontend/src/RecoveryPage.tsx,10,前端,完整逐行靜態閱讀,僅特定路徑，見報告與重現檔,0661b5a3bc816bb74a836bbe04277d95c1d29b1423fe45642f8be50c6ebc4a4b
frontend/src/RuntimeHealthPanel.tsx,27,前端,完整逐行靜態閱讀,僅特定路徑，見報告與重現檔,1e44fa3bb779d5e6f51bdefce5d0259a427d956ec14c097dc6c8cb1ef2d01caa
frontend/src/SopApplicability.tsx,46,前端,完整逐行靜態閱讀,僅特定路徑，見報告與重現檔,2d3eefa1e07e64bed13c319ca534e3d6eff3c66c72e718c6829e5cddf27a8fe3
frontend/src/SourceMappingSummary.tsx,9,前端,完整逐行靜態閱讀,僅特定路徑，見報告與重現檔,b532b465d540cdff947494a04afc619977e33d6e1cd91a7b7a81db5ebcbf4744
frontend/src/sourceQuotes.ts,8,前端,完整逐行靜態閱讀,僅特定路徑，見報告與重現檔,bac59fb5dca79c05e400ef4a3ae09cf4c153bcaeb148878dddac57e242fdacb2
frontend/src/TaskBatchCompletion.tsx,20,前端,完整逐行靜態閱讀,僅特定路徑，見報告與重現檔,07392488382ef33b267474611e2ebe1695018b78cafa582d03f2ec77b90d9e40
frontend/src/types.ts,24,前端,完整逐行靜態閱讀,僅特定路徑，見報告與重現檔,b826e87a6d589e174fd9c260d086d26dde2e4fb6de1aac0d6aae0888da5244a8
frontend/src/useDialogFocus.ts,29,前端,完整逐行靜態閱讀,僅特定路徑，見報告與重現檔,3daf9460c96d56f17416cc73ae9026d9ba4372f191f9ea609e75b9ab98010bab
frontend/src/useDraftNavigationGuard.ts,18,前端,完整逐行靜態閱讀,僅特定路徑，見報告與重現檔,ec3d975d6bdba47fda9f35a38a61aa0251da63a2492aa56a20c67a3acc5be964
scripts/audit_sop_mapping.py,31,背景/運維,完整逐行靜態閱讀,僅特定路徑，見報告與重現檔,35a24e3b0f6449f9641f8056414426c15925dc0dd3c083d57b81e67b834844c7
scripts/backup_live_legacy.py,138,背景/運維,完整逐行靜態閱讀,僅特定路徑，見報告與重現檔,d99be09f2a8fcf247874c678e0633cb02e74f4cd8a2dcce41399f309a13acd74
scripts/backup_offsite.py,219,背景/運維,完整逐行靜態閱讀,僅特定路徑，見報告與重現檔,274c1235139b294827e6a279c9f1656bf8e55ab37071f6b91ed2c14b15a2d8e8
scripts/backup_offsite_acceptance.py,111,背景/運維,完整逐行靜態閱讀,僅特定路徑，見報告與重現檔,aa90a6ec1c748f618c800aef3cfa7e5df3d318b690deb83b17fb226cacd68bd6
scripts/backup_publish.py,34,背景/運維,完整逐行靜態閱讀,僅特定路徑，見報告與重現檔,9465d10d8bf2086b2a14b58fd210f513a938def777d5fe0fdd049bd9f8eccc36
scripts/backup_reconcile.py,53,背景/運維,完整逐行靜態閱讀,僅特定路徑，見報告與重現檔,8879b80efe144e2de8b6ef4b50c631598627ddaca1a5d94085e36ca820e977a1
scripts/backup_restore.py,157,背景/運維,完整逐行靜態閱讀,僅特定路徑，見報告與重現檔,c4f608be00f54b80c6835a1cb9b7e4af276e7b718e878d15fdd4dea02ad03403
scripts/backup_schedule.py,138,背景/運維,完整逐行靜態閱讀,僅特定路徑，見報告與重現檔,d4ce136e66a1360ead5bf306743a3804bce22be9f37e18379f14a4814c87c075
scripts/benchmark_workspace.py,169,背景/運維,完整逐行靜態閱讀,僅特定路徑，見報告與重現檔,33d64d9cb55995cfc74090b2a901857479cfc0f736cb184916a323b48cd91acc
scripts/browser_step.py,29,主代理,完整逐行靜態閱讀,僅特定路徑，見報告與重現檔,62945439190ebb3af6215b631b0db3b3723a98d24d37c31a84bb946dcde878a8
scripts/build_review_guides.py,34,主代理,完整逐行靜態閱讀,僅特定路徑，見報告與重現檔,48d6a09d36a327ee8c254aef7c676ae92c33f2d8e11a40cdc2ad938fef4f971a
scripts/build_sop_runtime_catalog.py,24,背景/運維,完整逐行靜態閱讀,僅特定路徑，見報告與重現檔,1e681048650165a77f9c9a4111b34f1fd3f094216623a3d9875caebe282a79d5
scripts/build_sop_source_catalog.py,167,背景/運維,完整逐行靜態閱讀,僅特定路徑，見報告與重現檔,6494239f69e6856c881d24695ed7c906a23a009e1cf9210fc95d577b53214d27
scripts/check_lark_readonly.py,29,背景/運維,完整逐行靜態閱讀,僅特定路徑，見報告與重現檔,92a2c31a8b9fdc75781c4d88bac5beacde212da497c94f09b735bece869f0324
scripts/check_v06_connections.py,31,背景/運維,完整逐行靜態閱讀,僅特定路徑，見報告與重現檔,5bb21d4b93be14ba509417b2ec1946016e904ea063b4dddc65bf23bd4ac611fa
scripts/create_input_base_once.py,47,背景/運維,完整逐行靜態閱讀,僅特定路徑，見報告與重現檔,1df51536e82280c653b9166c761dba8b488520a3b1796489a4da0b0c98ea2ca4
scripts/deploy_prepare.py,169,權限/API,完整逐行靜態閱讀,僅特定路徑，見報告與重現檔,fd1a00b2252eacec760332b870e51eb15010faccf4f81958b14a9ec7b9275599
scripts/deploy_verify.py,93,權限/API,完整逐行靜態閱讀,僅特定路徑，見報告與重現檔,85fca22d4c16489d497fac8b860b63e0eb32f9509d338769a55bb7f1f8eea254
scripts/extract_sop_contracts_20260929.py,47,背景/運維,完整逐行靜態閱讀,僅特定路徑，見報告與重現檔,360dbc5b9b63e4ae4a44332b7e465650b3bc5278e89713552cda5d325af41577
scripts/extract_sop_evidence.py,18,背景/運維,完整逐行靜態閱讀,僅特定路徑，見報告與重現檔,ded69256c6bec3a7d372424ae1fddd9bba911913b311b87e7436ce202317d0dc
scripts/formal_data_delta.py,105,背景/運維,完整逐行靜態閱讀,僅特定路徑，見報告與重現檔,aa85d41215f8a9c1d628cbb1fe0023362d6ea8c003ec325449f9790725b2b1e6
scripts/formal_rollout_status.py,67,背景/運維,完整逐行靜態閱讀,僅特定路徑，見報告與重現檔,b13eab83397e42ccbea11065c569bab13ab5b9c1ad58bfba28c45a2ad598aa76
scripts/formal_upload_permissions.py,130,背景/運維,完整逐行靜態閱讀,僅特定路徑，見報告與重現檔,08e2c584bcf58c0852c603ba1c5311a9ef131a907bad5068e3f3888b7dd9b475
scripts/formal_volume_preflight.py,80,權限/API,完整逐行靜態閱讀,僅特定路徑，見報告與重現檔,4501c92f0c105f323c75ef315169558237dfed00221135d832c037a3415ffa37
scripts/formal_worker_log_summary.py,40,背景/運維,完整逐行靜態閱讀,僅特定路徑，見報告與重現檔,611792bd353d992af74ab34b15e1faa79ff83595029efd8d03f079140abdd6a9
scripts/generate_prd.py,161,背景/運維,完整逐行靜態閱讀,僅特定路徑，見報告與重現檔,0ba9126cbebc4619d343533f81053bcdf1b4613af0e1f4ef6b696feceb9c202f
scripts/inspect_lark_deployment.py,59,背景/運維,完整逐行靜態閱讀,僅特定路徑，見報告與重現檔,7ea0fdb01b0744f668937c493ee73fb48babd4aec0d6960e5a21aae9cffc2877
scripts/lark_input_isolated_dryrun.py,59,背景/運維,完整逐行靜態閱讀,僅特定路徑，見報告與重現檔,ec1ca45b3fc88ee0f8d1de39d9fe6041e7b068c59582edbddef0747383194b5e
scripts/lark_input_scope_read_probe.py,20,背景/運維,完整逐行靜態閱讀,僅特定路徑，見報告與重現檔,08de0cb821e5cf70079e863f1be82e8f93f6f4875aa248a7a5970c735ff31f11
scripts/native_qa_diagnose.py,107,背景/運維,完整逐行靜態閱讀,僅特定路徑，見報告與重現檔,bb008bf299eb7cdb1dd91195653ebade84908a34b1e25608d4845da55b016eda
scripts/native_qa_runner.py,77,背景/運維,完整逐行靜態閱讀,僅特定路徑，見報告與重現檔,e83b2d741e5bb4a90b1e9b8994c4d051395232ea41a545134b70ec9fe528fd42
scripts/native_qa_setup.py,163,背景/運維,完整逐行靜態閱讀,僅特定路徑，見報告與重現檔,3c66ce2ff14abeaea555ee18f6a83d2f71b7c50f769c533c038637a10a4c2adc
scripts/prepare_input_release_env.py,69,背景/運維,完整逐行靜態閱讀,僅特定路徑，見報告與重現檔,2404761249946e157f132bb287f9cfff078d22aad61d2876c3620f3ed716b651
scripts/prepare_input_workbench_tab.py,19,背景/運維,完整逐行靜態閱讀,僅特定路徑，見報告與重現檔,a03ef65481efb243b89ee3f7933406d127b342155529312e7f6c3efda0457323
scripts/prepare_isolated_input_browser.py,73,背景/運維,完整逐行靜態閱讀,僅特定路徑，見報告與重現檔,5fac07293044d46b0b107c9ab1a1187ec56e30535f471094d67db44b005599fa
scripts/prepare_release_settings.py,46,背景/運維,完整逐行靜態閱讀,僅特定路徑，見報告與重現檔,2024d18ae4ca31c680349f13acc024402ffff6720ef1064b7d71f44a8db4ada9
scripts/probe_approval_definitions.py,66,背景/運維,完整逐行靜態閱讀,僅特定路徑，見報告與重現檔,ab2734966b3e289273b7618f5da7502148609e364cb30bc023006dbca630a628
scripts/probe_people_schema.py,33,背景/運維,完整逐行靜態閱讀,僅特定路徑，見報告與重現檔,6792a88797aa5c06f1e08c87f092a1711f740f51f47740304a00ba8daf1d7981
scripts/readback_input_base.py,46,背景/運維,完整逐行靜態閱讀,僅特定路徑，見報告與重現檔,f0000240f709e1dcb660e30b040c7a70d99117907b083d0a9d9d4e0a819a089a
scripts/release_env_guard.py,37,權限/API,完整逐行靜態閱讀,僅特定路徑，見報告與重現檔,d225dae9cea2cddcb29b6535aa46f5177217004961e0d3d06dd52c16aa05fa91
scripts/repair_handoff_text_20260930.py,40,背景/運維,完整逐行靜態閱讀,僅特定路徑，見報告與重現檔,5a6a6aec72da5e4cc6094e72c7bc9562043c8b38aa7b2bdd3f3715fa4739eb2f
scripts/restore_drill.py,85,背景/運維,完整逐行靜態閱讀,僅特定路徑，見報告與重現檔,c7f8d8d3e0ace2cbd7c42009fe985923f2d78ac5a3550b3624d27561d53caa22
scripts/run_service.py,142,權限/API,完整逐行靜態閱讀,僅特定路徑，見報告與重現檔,ecacb48c417a01ed690e7828ea05d8e3074e1ae470cb2c950feb910cf05f2365
scripts/run_worker.py,60,權限/API,完整逐行靜態閱讀,僅特定路徑，見報告與重現檔,736fb7de5e20bfdc96d8662fe314267244e7f789c96ce1107e75afc6471d7ec4
scripts/seed_review_workspace.py,40,背景/運維,完整逐行靜態閱讀,僅特定路徑，見報告與重現檔,042b97ac800ec278d6640c0e4611aaa65deaa6e5ffffff7140926027481ec9ec
scripts/staging_deployment_diagnostic.py,57,背景/運維,完整逐行靜態閱讀,僅特定路徑，見報告與重現檔,53a2ced60a13d4359d6ada665ca20c65e9abdc71416f9c2d040eec6eec788640
scripts/summarize_meegle_sop.py,31,背景/運維,完整逐行靜態閱讀,僅特定路徑，見報告與重現檔,8e2c4927df50658c03498cdb22d05cde38487c52da54151be48cf28e2b58c9fc
scripts/verify_frozen_release_source.py,82,背景/運維,完整逐行靜態閱讀,僅特定路徑，見報告與重現檔,c79ba6f4998c2b27560932b8fa29abb853d0cdc0c6d1ec9b250869ff76944a28
scripts/verify_new_daily_acceptance.py,43,背景/運維,完整逐行靜態閱讀,僅特定路徑，見報告與重現檔,beadd9965d6ade6ccc7561f4c34088facba77b9f94db08aacf3d6c59c22ac2bc
scripts/verify_people_directory.py,50,背景/運維,完整逐行靜態閱讀,僅特定路徑，見報告與重現檔,de3092b9f54d297e6bb3f1a3e1ef7e1d6c4fd730dfc05896cfd51342eb9a39dc
scripts/verify_release_runtime.py,66,背景/運維,完整逐行靜態閱讀,僅特定路徑，見報告與重現檔,9a136b835c4cbefe592be16a98fdd65d4045c412fca48c31a937ecda10c582bb
scripts/verify_source_replay.py,81,背景/運維,完整逐行靜態閱讀,僅特定路徑，見報告與重現檔,6f745826ad7ffc7309bb44ae250f9907b1e562160e9d154175901cd586cc697c
scripts/verify_stage_package.py,127,權限/API,完整逐行靜態閱讀,僅特定路徑，見報告與重現檔,9d2a14df0a29174554dfd6925b28168116022b9d156ed00d6eb0b6b21e776694
scripts/workbench_backup_roundtrip.py,111,背景/運維,完整逐行靜態閱讀,僅特定路徑，見報告與重現檔,db92e880a77da09e5805467e493e6a633ce107c6e3cbe466df8fe1f3d2596402
scripts/workbench_backup_setup.py,163,背景/運維,完整逐行靜態閱讀,僅特定路徑，見報告與重現檔,65b79ddfdf365922c63d07b2e41191b18ffc9346d9ecdb9e92e54dbc25a33bb7
scripts/workbench_backup_verify.py,34,背景/運維,完整逐行靜態閱讀,僅特定路徑，見報告與重現檔,6064f6fbb2d95761dbd041f182d5aa7014ff15b1c5cc63810b8478c40a161744
scripts/workbench_cloud_setup.py,182,背景/運維,完整逐行靜態閱讀,僅特定路徑，見報告與重現檔,166b2d64a49db6d61a80f946c3ae7b2e4b0884ab72b5bddb38490e84aebd42c1
scripts/workbench_company_grant_scope.py,64,背景/運維,完整逐行靜態閱讀,僅特定路徑，見報告與重現檔,b3ae92288a25cafaafae22151366f040fef659a85bd6297d51ec9a316bfa8a73
scripts/workbench_formal_environment_check.py,46,背景/運維,完整逐行靜態閱讀,僅特定路徑，見報告與重現檔,c511fc83adc7ac92e6cda1d2ffb4ec66ec050409fc0e7d5c367ba663deaa2d97
scripts/workbench_formal_release.py,67,背景/運維,完整逐行靜態閱讀,僅特定路徑，見報告與重現檔,3d4ebf96aedfa0c497f8e9d28cf4db6ddec421410cd02abec9abe45014fca219
scripts/workbench_lark_setup.py,644,背景/運維,完整逐行靜態閱讀,僅特定路徑，見報告與重現檔,0b421e4a8c4fc24a4659294b7f57ea10cdee2d5658f50f143792f940666838b2
scripts/workbench_login_cutover.py,104,背景/運維,完整逐行靜態閱讀,僅特定路徑，見報告與重現檔,ab0d2947f67fe793567b724f1c757fbdff1e8e635e23ff3c697b1bd2b9665ea3
scripts/workbench_release_snapshot.py,58,背景/運維,完整逐行靜態閱讀,僅特定路徑，見報告與重現檔,76adc256439d8519f562e18af6c854310b43a55f1916fecebcb00a88975cc033
scripts/workbench_restore_envelope.py,219,背景/運維,完整逐行靜態閱讀,僅特定路徑，見報告與重現檔,c46f2c595f3fb5c5da395d13b9c4f5da38785533d44b36b0445e045e1547fa77
scripts/workbench_restore_execute.py,168,背景/運維,完整逐行靜態閱讀,僅特定路徑，見報告與重現檔,82be8a5b2bf7b6a0477e29c4ded7585eb9ab7a77d908ac94cad7392c0286bff1
scripts/workbench_restore_probe.py,99,背景/運維,完整逐行靜態閱讀,僅特定路徑，見報告與重現檔,f12fdf4fd47a67ebd406db4d41daf1094b1c100433b0f0b7ecd236eb979a0af9
scripts/workbench_restore_setup.py,125,背景/運維,完整逐行靜態閱讀,僅特定路徑，見報告與重現檔,1e288a490ea77d75f36ea72fe56c327e35d02abb9034bf03fd3f23688b77fe46
scripts/workbench_snapshot.py,320,背景/運維,完整逐行靜態閱讀,僅特定路徑，見報告與重現檔,c08c01180fd557b246ba4bd31d4647e28ffbe22054034a29a85129c0c29b9355
scripts/zeabur_api.py,40,背景/運維,完整逐行靜態閱讀,僅特定路徑，見報告與重現檔,0157888496d524d34297be754a0685465e983fc13a193d42c395b58444cb21ea
