ts	phase	decision	why	evidence	result
2026-10-09T13:41:04+08:00	implementation	fix(backend): validate calendar date list types	Confirmed endpoint defect; focused ownership; retrospective entry from commit timestamp	0d273e5; before/after logs in durable report directory	Fixed and focused verification passed
2026-10-09T13:41:57+08:00	implementation	fix(backend): enforce canonical dates and daily query ranges	Confirmed endpoint defect; focused ownership; retrospective entry from commit timestamp	c01a9fa; before/after logs in durable report directory	Fixed and focused verification passed
2026-10-09T13:43:17+08:00	implementation	fix(backend): preserve scalar setting types	Confirmed endpoint defect; focused ownership; retrospective entry from commit timestamp	cf99d4d; before/after logs in durable report directory	Fixed and focused verification passed
2026-10-09T13:45:44+08:00	implementation	fix(backend): reauthorize sensitive mutations under the lock	Confirmed endpoint defect; focused ownership; retrospective entry from commit timestamp	9bdf134; before/after logs in durable report directory	Fixed and focused verification passed
2026-10-09T13:46:32+08:00	implementation	fix(backend): reject malformed approval provider responses	Confirmed endpoint defect; focused ownership; retrospective entry from commit timestamp	a343c33; before/after logs in durable report directory	Fixed and focused verification passed
2026-10-09T13:50:10+08:00	implementation	fix(backend): recheck manager authority before pilot copies	Confirmed endpoint defect; focused ownership; retrospective entry from commit timestamp	b7d3ef3; before/after logs in durable report directory	Fixed and focused verification passed
2026-10-09T13:53:19+08:00	implementation	fix(backend): validate nested SOP draft structure	Confirmed endpoint defect; focused ownership; retrospective entry from commit timestamp	57fa9f9; before/after logs in durable report directory	Fixed and focused verification passed
2026-10-09T13:54:12+08:00	implementation	fix(backend): validate cost allocation part objects	Confirmed endpoint defect; focused ownership; retrospective entry from commit timestamp	dab49c9; before/after logs in durable report directory	Fixed and focused verification passed
2026-10-09T13:55:04+08:00	implementation	fix(backend): require text evidence in workflow actions	Confirmed endpoint defect; focused ownership; retrospective entry from commit timestamp	402c1d1; before/after logs in durable report directory	Fixed and focused verification passed
2026-10-09T14:00:30+08:00	implementation	fix: scope unconfigured refresh freshness reads	Confirmed endpoint defect; focused ownership; retrospective entry from commit timestamp	c38f76f; before/after logs in durable report directory	Fixed and focused verification passed
2026-10-09T14:01:31.340188+08:00	verification	Retain exact original performance ceilings	Fix redundant reads rather than weaken acceptance	perf.log failed; perf-final.log 9 passed; shell 21 queries	Passed
2026-10-09T14:02:28.211439+08:00	verification	Complete backend review with ten focused fixes	All confirmed defects fixed; no remaining confirmed endpoint defect	2454 passed/10 skipped; perf 9 passed; frontend build + 22 scripts passed; browser 24 surfaces zero errors	Ready for coordinator review; live PostgreSQL/Lark and locked dependency reproduction unverified
